Time,PosX,PosY,PosZ,RotX,RotY,RotZ,RotW,Event
0,0,2.36144,0,0,0,0,1
0.01999999,0,1,0,0,0,0,1
0.03999998,0,1,0,0,0,0,1
0.05999998,0,1,0,0,0,0,1
0.07999997,0,1,0,0,0,0,1
0.09999996,0,1,0,0,0,0,1
0.12,0,1,0,0,0,0,1
0.14,0,1,0,0,0,0,1
0.1599999,0,1,0,0,0,0,1
0.1799999,0,1,0,0,0,0,1
0.1999999,0,1,0,0,0,0,1
0.2199999,0,1,0,0,0,0,1
0.2399999,0,1,0,0,0,0,1
0.2599999,0,1,0,0,0,0,1
0.2799999,0,1,0,0,0,0,1
0.2999999,0,1,0,0,0,0,1
0.3199999,0,1,0,0,0,0,1
0.3399999,0,1,0,0,0,0,1
0.3599999,0,1,0,0,0,0,1
0.3799999,0,1,0,0,0,0,1
0.3999999,0,1,0,0,0,0,1
0.4199998,0,1,0,0,0,0,1
0.4399998,0,1,0,0,0,0,1
0.4599998,0,1,0,0,0,0,1
0.4799998,0,1,0,0,0,0,1
0.4999998,0,1,0,0,0,0,1
0.5199998,0,1,0,0,0,0,1
0.5399998,0,1,0,0,0,0,1
0.5599998,0,1,0,0,0,0,1
0.5799998,0,1,0,0,0,0,1
0.5999998,0,1,0,0,0,0,1
0.6199998,0,1,0,0,0,0,1
0.6399997,0,1,0,0,0,0,1
0.6599998,0,1,0,0,0,0,1
0.6799998,0,1,0,0,0,0,1
0.6999997,0,1,0,0,0,0,1
0.7199997,0,1,0,0,0,0,1
0.7399997,0,1,0,0,0,0,1
0.7599998,0,1,0,0,0,0,1
0.7799997,0,1,0,0,0,0,1
0.7999997,0,1,0,0,0,0,1
0.8199997,0,1,0,0,0,0,1
0.8399997,0,1,0,0,0,0,1
0.8599997,0,1,0,0,0,0,1
0.8799997,0,1,0,0,0,0,1
0.8999997,0,1,0,0,0,0,1
0.9199997,0,1,0,0,0,0,1
0.9399996,0,1,0,0,0,0,1
0.9599997,0,1,0,0,0,0,1
0.9799997,0,1,0,0,0,0,1
0.9999996,0,1,0,0,0,0,1
1.02,0,1,0,0,0,0,1
1.04,0,1,0,0,0,0,1
1.06,0,1,0,0,0,0,1
1.08,0,1,0,0,0,0,1
1.1,0,1,0,0,0,0,1
1.12,0,1,0,0,0,0,1
1.14,0,1,0,0,0,0,1
1.16,0,1,0,0,0,0,1
1.18,0,1,0,0,0,0,1
1.2,0,1,0,0,0,0,1
1.22,0,1,0,0,0,0,1
1.24,0,1,0,0,0,0,1
1.26,0,1,0,0,0,0,1
1.279999,0,1,0,0,0,0,1
1.3,0,1,0,0,0,0,1
1.32,0,1,0,0,0,0,1
1.34,0,1,0,0,0,0,1
1.36,0,1,0,0,0,0,1
1.38,0,1,0,0,0,0,1
1.399999,0,1,0,0,0,0,1
1.419999,0,1,0,0,0,0,1
1.439999,0,1,0,0,0,0,1
1.459999,0,1,0,0,0,0,1
1.479999,0,1,0,0,0,0,1
1.5,0,1,0,0,0,0,1
1.52,0,1,0,0,0,0,1
1.539999,0,1,0,0,0,0,1
1.559999,0,1,0,0,0,0,1
1.579999,0,1,0,0,0,0,1
1.599999,0,1,0,0,0,0,1
1.619999,0,1,0,0,0,0,1
1.639999,0,1,0,0,0,0,1
1.659999,0,1,0,0,0,0,1
1.679999,0,1,0,0,0,0,1
1.699999,0,1,0,0,0,0,1
1.719999,0,1,0,0,0,0,1
1.739999,0,1,0,0,0,0,1
1.759999,0,1,0,0,0,0,1
1.779999,0,1,0,0,0,0,1
1.799999,0,1,0,0,0,0,1
1.819999,0,1,0,0,0,0,1
1.839999,0,1,0,0,0,0,1
1.859999,0,1,0,0,0,0,1
1.879999,0,1,0,0,0,0,1
1.899999,0,1,0,0,0,0,1
1.919999,0,1,0,0,0,0,1
1.939999,0,1,0,0,0,0,1
1.959999,0,1,0,0,0,0,1
1.979999,0,1,0,0,0,0,1
1.999999,0,1,0,0,0,0,1
2.019999,0,1,0,0,0,0,1
2.039999,0,1,0,0,0,0,1
2.059999,0,1,0,0,0,0,1
2.079999,0,1,0,0,0,0,1
2.099999,0,1,0,0,0,0,1
2.119999,0,1,0,0,0,0,1
2.139999,0,1,0,0,0,0,1
2.159999,0,1,0,0,0,0,1
2.179999,0,1,0,0,0,0,1
2.199999,0,1,0,0,0,0,1
2.219999,0,1,0,0,0,0,1
2.239999,0,1,0,0,0,0,1
2.259999,0,1,0,0,0,0,1
2.279999,0,1,0,0,0,0,1
2.299999,0,1,0,0,0,0,1
2.319999,0,1,0,0,0,0,1
2.339999,0,1,0,0,0,0,1
2.359999,0,1,0,0,0,0,1
2.379999,0,1,0,0,0,0,1
2.399999,0,1,0,0,0,0,1
2.419999,0,1,0,0,0,0,1
2.439999,0,1,0,0,0,0,1
2.459999,0,1,0,0,0,0,1
2.479999,0,1,0,0,0,0,1
2.499999,0,1,0,0,0,0,1
2.519999,0,1,0,0,0,0,1
2.539999,0,1,0,0,0,0,1
2.559999,0,1,0,0,0,0,1
2.579999,0,1,0,0,0,0,1
2.599999,0,1,0,0,0,0,1
2.619999,0,1,0,0,0,0,1
2.639999,0,1,0,0,0,0,1
2.659999,0,1,0,0,0,0,1
2.679999,0,1,0,0,0,0,1
2.699999,0,1,0,0,0,0,1
2.719999,0,1,0,0,0,0,1
2.739999,0,1,0,0,0,0,1
2.759999,0,1,0,0,0,0,1
2.779999,0,1,0,0,0,0,1
2.799999,0,1,0,0,0,0,1
2.819999,0,1,0,0,0,0,1
2.839999,0,1,0,0,0,0,1
2.859999,0,1,0,0,0,0,1
2.879999,0,1,0,0,0,0,1
2.899999,0,1,0,0,0,0,1
2.919999,0,1,0,0,0,0,1
2.939999,0,1,0,0,0,0,1
2.959999,0,1,0,0,0,0,1
2.979999,0,1,0,0,0,0,1
2.999999,0,1,0,0,0,0,1
3.019999,0,1,0,0,0,0,1
3.039999,0,1,0,0,0,0,1
3.059999,0,1,0,0,0,0,1
3.079999,0,1,0,0,0,0,1
3.099999,0,1,0,0,0,0,1
3.119999,0,1,0,0,0,0,1
3.139999,0,1,0,0,0,0,1
3.159999,0,1,0,0,0,0,1
3.179999,0,1,0,0,0,0,1
3.199999,0,1,0,0,0,0,1
3.219999,0,1,0,0,0,0,1
3.239999,0,1,0,0,0,0,1
3.259999,0,1,0,0,0,0,1
3.279999,0,1,0,0,0,0,1
3.299999,0,1,0,0,0,0,1
3.319999,0,1,0,0,0,0,1
3.339999,0,1,0,0,0,0,1
3.359999,0,1,0,0,0,0,1
3.379999,0,1,0,0,0,0,1
3.399999,0,1,0,0,0,0,1
3.419999,0,1,0,0,0,0,1
3.439999,0,1,0,0,0,0,1
3.459999,0,1,0,0,0,0,1
3.479999,0,1,0,0,0,0,1
3.499999,0,1,0,0,0,0,1
3.519999,0,1,0,0,0,0,1
3.539999,0,1,0,0,0,0,1
3.559999,0,1,0,0,0,0,1
3.579999,0,1,0,0,0,0,1
3.599999,0,1,0,0,0,0,1
3.619999,0,1,0,0,0,0,1
3.639999,0,1,0,0,0,0,1
3.659999,0,1,0,0,0,0,1
3.679999,0,1,0,0,0,0,1
3.699999,0,1,0,0,0,0,1
3.719999,0,1,0,0,0,0,1
3.739999,0,1,0,0,0,0,1
3.759999,0,1,0,0,0,0,1
3.779999,0,1,0,0,0,0,1
3.799999,0,1,0,0,0,0,1
3.819999,0,1,0,0,0,0,1
3.839999,0,1,0,0,0,0,1
3.859999,0,1,0,0,0,0,1
3.879999,0.5506697,1.00276,-0.104817,0.2052446,-0.1260355,0.02540662,0.970229
3.899999,0.5506697,1.00276,-0.104817,0.2052446,-0.1260355,0.02540662,0.970229
3.919999,0.5506697,1.00276,-0.104817,0.2052446,-0.1260355,0.02540662,0.970229
3.939999,0.5506697,1.00276,-0.104817,0.2052446,-0.1260355,0.02540662,0.970229
3.959999,0.5506697,1.00276,-0.104817,0.2052446,-0.1260355,0.02540662,0.970229
3.979999,0.5506697,1.00276,-0.104817,0.2052446,-0.1260355,0.02540662,0.970229
3.999999,0.5912439,1.034256,-0.1229224,0.1517355,-0.124479,-0.2748676,0.9412381
4.019999,0.6057861,1.038543,-0.1250168,0.1270745,-0.1224196,-0.4271245,0.886809
4.039999,0.6055914,1.036166,-0.1264592,0.1082518,-0.152206,-0.4818121,0.8561378
4.059999,0.6049411,1.022092,-0.1268563,0.1722695,-0.1167272,-0.5278006,0.8234832
4.079998,0.6017139,1.012708,-0.12356,0.2122921,-0.08559894,-0.5244532,0.8200938
4.099998,0.600243,1.006407,-0.1232419,0.2472878,-0.07508811,-0.5281193,0.8088884
4.119998,0.5925541,0.998312,-0.1252178,0.2913913,-0.1038347,-0.4873708,0.8165656
4.139998,0.5961979,1.004061,-0.1240339,0.2418426,-0.09914589,-0.4390179,0.8596194
4.159998,0.6047384,1.011708,-0.1220532,0.1883706,-0.06778233,-0.3897344,0.8989044
4.179998,0.6087037,1.013873,-0.1218495,0.1700319,-0.05412423,-0.3757607,0.9093754
4.199998,0.6203742,1.016708,-0.1223631,0.1256664,-0.007227817,-0.3525161,0.9273016
4.219998,0.6247405,1.016763,-0.123234,0.1118653,0.01210857,-0.3524682,0.9290349
4.239998,0.6279126,1.016085,-0.1245978,0.09995367,0.02560274,-0.3560971,0.928735
4.259998,0.6313373,1.014884,-0.1270817,0.08041238,0.0372798,-0.3560205,0.9302652
4.279998,0.631773,1.014339,-0.1279207,0.07348177,0.03719877,-0.359849,0.9293683
4.299998,0.6332603,1.011763,-0.1281402,0.06910352,0.0511077,-0.3502399,0.9327083
4.319998,0.6347762,1.008691,-0.1276345,0.08351167,0.0745275,-0.3278224,0.9380853
4.339998,0.6379416,1.007635,-0.1283863,0.08202051,0.1074565,-0.3064707,0.9422322
4.359998,0.6397418,1.008372,-0.128776,0.07250881,0.1194654,-0.2995028,0.9438054
4.379999,0.6444052,1.013585,-0.1306476,0.03429231,0.1432868,-0.2967443,0.9435231
4.399999,0.6465533,1.014374,-0.132067,0.02334583,0.1576272,-0.292844,0.942789
4.419999,0.6496271,1.01162,-0.1369253,0.02623103,0.1888692,-0.2910774,0.9375043
4.439999,0.6533135,1.011932,-0.1387818,0.02368612,0.2151079,-0.2687535,0.9385836
4.459999,0.6532458,1.010395,-0.1385089,0.02852047,0.2175352,-0.2666151,0.9384996
4.479999,0.6529142,1.00614,-0.1374961,0.04061478,0.2157241,-0.2753042,0.9359601
4.499999,0.6525593,1.003504,-0.1369561,0.04643892,0.2114503,-0.2851227,0.9337223
4.519999,0.6499415,0.9974232,-0.1339556,0.06475313,0.1895405,-0.3103179,0.9292923
4.539999,0.6495491,0.9932763,-0.1333428,0.08433374,0.1960608,-0.3061279,0.9277574
4.559999,0.6497179,0.9897131,-0.132735,0.09968571,0.2048375,-0.2983939,0.9268578
4.579998,0.6474779,0.9841318,-0.1291469,0.1250947,0.1978055,-0.2901346,0.9279258
4.599998,0.6454273,0.9817057,-0.1271457,0.1397183,0.1857179,-0.2908054,0.9281271
4.619998,0.6457753,0.978008,-0.1278619,0.1598207,0.1986066,-0.2857201,0.923784
4.639998,0.6495415,0.9775636,-0.1125451,0.1641328,0.193347,-0.2831394,0.9249375
4.659998,0.6831391,0.9784538,-0.05878331,0.1632894,0.1824921,-0.2847978,0.9267812
4.679998,0.7065941,0.979445,-0.032594,0.1576086,0.1850258,-0.2868942,0.9266157
4.699998,0.7300102,0.9814383,-0.006643057,0.1458652,0.1895495,-0.287946,0.9272979
4.719998,0.7729718,0.9833801,0.04890181,0.1341336,0.1934679,-0.2898152,0.9276775
4.739998,0.7932995,0.9838477,0.07714358,0.1337167,0.1947099,-0.2875356,0.9281871
4.759998,0.8337927,0.9837202,0.1342549,0.1352598,0.1963835,-0.2865028,0.9279302
4.779998,0.8540134,0.9836397,0.162608,0.1357993,0.198034,-0.2869069,0.9273756
4.799998,0.8945023,0.9831685,0.2207759,0.1378809,0.2015108,-0.2865676,0.926424
4.819998,0.910606,0.9829655,0.2509537,0.1381319,0.2025117,-0.285172,0.9265989
4.839998,0.9319652,0.9827482,0.3174197,0.1365894,0.2054935,-0.2812938,0.9273562
4.859998,0.9398807,0.9827153,0.3518409,0.1361785,0.2047115,-0.2819822,0.9273806
4.879998,0.9456171,0.9826965,0.3858923,0.1361685,0.2040123,-0.282585,0.9273527
4.899998,0.9566197,0.9824548,0.4558058,0.1362708,0.2043979,-0.2830864,0.9270997
4.919998,0.9562519,0.9823244,0.4898904,0.1363573,0.204773,-0.2826404,0.9271404
4.939998,0.9492485,0.9819748,0.5591774,0.1367546,0.2059694,-0.2813483,0.9272097
4.959998,0.9425352,0.9818836,0.5933133,0.1368791,0.2067567,-0.2813864,0.9270046
4.979998,0.9276267,0.9819425,0.661309,0.1365949,0.2063697,-0.281897,0.9269776
4.99291,0,0,0,0,0,0,0,TrialStart_1
4.999998,0.918121,0.9820156,0.6948498,0.1364677,0.2058953,-0.2817864,0.9271355
5.019998,0.908663,0.9820762,0.7283799,0.1364541,0.2061373,-0.2814613,0.9271825
5.039998,0.8899953,0.9825238,0.7952935,0.1356169,0.208787,-0.2797104,0.9272423
5.059998,0.8806771,0.982527,0.8288649,0.1356086,0.2094863,-0.2795307,0.9271399
5.079998,0.8620072,0.9824292,0.8959122,0.1358643,0.2096135,-0.2796669,0.9270326
5.099998,0.8525782,0.9824024,0.929757,0.1359286,0.2097711,-0.2797413,0.9269652
5.119998,0.8418705,0.9822416,0.9694803,0.1368255,0.2115313,-0.2802632,0.9262753
5.139998,0.8256356,0.9820217,1.029694,0.137611,0.2131992,-0.2795614,0.9259885
5.159998,0.8194591,0.9819031,1.064366,0.1377759,0.2136648,-0.2789684,0.9260355
5.179998,0.8318421,0.9817692,1.132679,0.1376334,0.2142865,-0.2784248,0.9260767
5.199998,0.8380973,0.9816716,1.157482,0.1376232,0.2149793,-0.2781669,0.9259951
5.219998,0.8470183,0.9815863,1.189715,0.1377988,0.2151562,-0.2781504,0.9259329
5.239998,0.8470281,0.9815533,1.189737,0.1378838,0.2152204,-0.2781686,0.9258998
5.259998,0.847424,0.9815195,1.189577,0.1382054,0.2168806,-0.2780787,0.9254915
5.279998,0.8478092,0.9816799,1.189451,0.1375455,0.2182271,-0.2774812,0.9254525
5.299998,0.8483703,0.9822091,1.189331,0.1351913,0.2193471,-0.2770263,0.9256709
5.319998,0.8484541,0.98237,1.189364,0.1346771,0.2192247,-0.2774312,0.9256536
5.339998,0.8486658,0.9823732,1.189352,0.1348054,0.2197245,-0.2782736,0.9252635
5.359998,0.8494819,0.9821387,1.18929,0.1357332,0.222427,-0.2800878,0.9239337
5.379998,0.8497202,0.982084,1.189231,0.1356654,0.2232852,-0.279999,0.9237636
5.399998,0.8500769,0.9821132,1.189132,0.1348302,0.2245237,-0.2796395,0.9236946
5.419998,0.8500982,0.9821314,1.189123,0.1347202,0.2245744,-0.2794181,0.9237653
5.439998,0.8502715,0.982153,1.189044,0.1347376,0.2252308,-0.2789408,0.9237472
5.459998,0.8504519,0.9821345,1.188938,0.134877,0.2258974,-0.2790135,0.9235421
5.479998,0.8508316,0.9820096,1.18868,0.1354537,0.2277775,-0.2795417,0.9228359
5.499998,0.8513111,0.9817876,1.188424,0.1362978,0.2300706,-0.2804972,0.9218524
5.519998,0.8512923,0.9817756,1.188467,0.1364531,0.2299657,-0.2805498,0.9218395
5.539998,0.8684878,0.9817454,1.199245,0.1367146,0.2296696,-0.2802126,0.9219772
5.559998,0.8995889,0.9815857,1.215638,0.136969,0.2314698,-0.2800054,0.9215521
5.579998,0.9614797,0.981388,1.24835,0.1368879,0.2343555,-0.2801047,0.9208043
5.599998,0.9926012,0.9811496,1.264342,0.1370983,0.2368311,-0.2803281,0.9200713
5.619998,1.023872,0.9810521,1.281633,0.1373568,0.2377408,-0.2802634,0.9198179
5.639998,1.084636,0.9809943,1.315229,0.1376034,0.2382791,-0.2806556,0.919522
5.659998,1.116348,0.9809334,1.332554,0.1378235,0.2385861,-0.2820448,0.9189843
5.679998,1.176965,0.9809515,1.365932,0.1375421,0.2389462,-0.2836564,0.9184367
5.699998,1.207892,0.9810069,1.382901,0.1372967,0.2391862,-0.2834333,0.9184798
5.719998,1.268893,0.981132,1.416385,0.1369149,0.2394086,-0.2829935,0.9186144
5.739998,1.299715,0.981312,1.433298,0.1365695,0.2391975,-0.2824578,0.9188858
5.759998,1.336529,0.9815391,1.459408,0.1364548,0.2387141,-0.2817284,0.9192523
5.779998,1.336443,0.9816572,1.459368,0.1363015,0.2385968,-0.2816842,0.919319
5.799998,1.336395,0.9817774,1.459309,0.1360381,0.2385456,-0.2816225,0.9193903
5.819998,1.33636,0.9823691,1.459066,0.1341251,0.2382728,-0.2805465,0.9200708
5.839998,1.336378,0.9825933,1.45898,0.1335061,0.2384083,-0.2798118,0.9203494
5.859998,1.336326,0.9830154,1.458864,0.1325358,0.2382407,-0.2785251,0.9209231
5.879998,1.336321,0.9830687,1.458833,0.1325821,0.2383073,-0.2783673,0.920947
5.899998,1.336428,0.9832866,1.458768,0.1317914,0.2384448,-0.2781309,0.9210963
5.919998,1.336504,0.9833637,1.458779,0.1313544,0.2383916,-0.2783699,0.9211003
5.939998,1.336559,0.9834588,1.45875,0.1309803,0.2381277,-0.2786247,0.9211448
5.959998,1.336641,0.9838498,1.458904,0.1290625,0.2362774,-0.2785155,0.9219246
5.979998,1.336722,0.9842872,1.458921,0.126822,0.2351427,-0.2768022,0.923041
5.999998,1.336835,0.9845092,1.458907,0.1256468,0.2352351,-0.2754423,0.9235848
6.019998,1.337367,0.9852247,1.458743,0.1215426,0.2363469,-0.2717461,0.9249441
6.039998,1.337375,0.9852304,1.458839,0.1213381,0.2355203,-0.2729613,0.924824
6.059998,1.337337,0.9851221,1.458874,0.1219701,0.2352596,-0.273673,0.9245968
6.079998,1.337351,0.9850736,1.458866,0.1224994,0.2350104,-0.2744734,0.9243529
6.099998,1.337514,0.9850613,1.458876,0.1235426,0.2337559,-0.2765961,0.9238994
6.119998,1.337463,0.9850895,1.458965,0.1239186,0.2321817,-0.2780278,0.9238163
6.139998,1.337155,0.985317,1.459052,0.1243135,0.2279412,-0.2811033,0.9238884
6.159998,1.337129,0.9855807,1.459057,0.1232492,0.2273541,-0.2810634,0.9241878
6.179998,1.337792,0.9863634,1.458573,0.1194054,0.2313081,-0.2791736,0.9242841
6.199998,1.337888,0.986854,1.45858,0.1170004,0.2308517,-0.2789378,0.9247768
6.219998,1.338125,0.9875353,1.458384,0.1151511,0.2311265,-0.2771596,0.9254747
6.239998,1.33914,0.9886957,1.457628,0.1104741,0.2364826,-0.2741348,0.9255925
6.259998,1.339495,0.9894927,1.4575,0.1057193,0.2383496,-0.2732738,0.9259235
6.279998,1.338424,0.9891013,1.458204,0.1093749,0.2324377,-0.2733727,0.9269721
6.299998,1.338318,0.9887668,1.458286,0.1109708,0.2324984,-0.2738922,0.9266138
6.319998,1.338353,0.9887137,1.458189,0.1116088,0.2337821,-0.2741598,0.9261349
6.339998,1.338334,0.988783,1.458121,0.111577,0.2344619,-0.2738745,0.9260513
6.359998,1.338758,0.9893538,1.457731,0.1088863,0.2396023,-0.2689325,0.9265041
6.379998,1.339309,0.9896582,1.4574,0.1068435,0.2437981,-0.2655818,0.9266139
6.399998,1.339634,0.9898094,1.457388,0.1051705,0.2455281,-0.2630972,0.9270571
6.419998,1.339702,0.9897749,1.457475,0.1048222,0.2458668,-0.2614015,0.9274864
6.439998,1.339554,0.9890826,1.457688,0.1084443,0.2452924,-0.2630644,0.9267517
6.459998,1.339767,0.9880078,1.457678,0.1132814,0.248051,-0.262951,0.9254701
6.479998,1.339814,0.9877386,1.457655,0.1144001,0.2486355,-0.2629646,0.9251717
6.499998,1.339708,0.9879619,1.457674,0.1132547,0.2472905,-0.2634322,0.92554
6.519998,1.339706,0.9880201,1.457672,0.1130007,0.2471823,-0.2634181,0.925604
6.539998,1.33979,0.9880511,1.457627,0.1127487,0.2474356,-0.2632712,0.9256088
6.559998,1.339988,0.9881885,1.457576,0.1122292,0.2481232,-0.2630075,0.9255628
6.579998,1.340093,0.988265,1.45754,0.1121223,0.2485178,-0.2628751,0.9255075
6.599998,1.340297,0.9882782,1.457513,0.1128284,0.2493974,-0.2640712,0.9248444
6.619998,1.34043,0.9882192,1.457444,0.1134817,0.2499372,-0.2650261,0.9243454
6.639997,1.340594,0.9881598,1.457507,0.1134861,0.2502719,-0.2657264,0.9240533
6.659997,1.340654,0.9881766,1.4575,0.1134061,0.2504518,-0.2658152,0.9239888
6.679997,1.340632,0.9882324,1.457465,0.1132783,0.2501307,-0.2656601,0.924136
6.699997,1.340663,0.988272,1.457413,0.1130613,0.2501702,-0.2652085,0.9242817
6.719997,1.340721,0.9882809,1.457354,0.1129263,0.2505429,-0.2647201,0.9243371
6.739997,1.340771,0.9882076,1.457266,0.1132602,0.2512222,-0.2643892,0.9242067
6.759997,1.340677,0.9880918,1.457245,0.1140038,0.2511861,-0.2648774,0.9239852
6.779998,1.340594,0.9880199,1.457205,0.114465,0.2511081,-0.2652425,0.9238446
6.799998,1.340593,0.9880252,1.457202,0.1144488,0.2511542,-0.2652143,0.9238422
6.819998,1.340627,0.9881154,1.457164,0.1142295,0.2513039,-0.2650216,0.923884
6.839998,1.340708,0.9881924,1.457216,0.1138536,0.2512366,-0.2649551,0.9239677
6.859998,1.340834,0.9882298,1.457185,0.113701,0.2514918,-0.2651809,0.9238523
6.879998,1.341055,0.9881997,1.457153,0.1137584,0.2519339,-0.265669,0.9235845
6.899998,1.341183,0.9880736,1.457154,0.1143822,0.2520777,-0.2667322,0.9231617
6.919998,1.34115,0.9876913,1.457187,0.1164049,0.25159,-0.2690161,0.9223789
6.939998,1.34109,0.987642,1.457189,0.1165647,0.2512203,-0.2691992,0.922406
6.959998,1.341132,0.9876472,1.457179,0.1161328,0.2515322,-0.2684777,0.9225857
6.979998,1.341175,0.9876788,1.457095,0.1157745,0.2518104,-0.2675435,0.9228262
6.999998,1.341161,0.9877428,1.457138,0.1154826,0.2518144,-0.2670262,0.9230115
7.019998,1.341154,0.9877312,1.45715,0.1155849,0.2517833,-0.2671105,0.9229828
7.039998,1.341138,0.9877287,1.457151,0.1156649,0.2516928,-0.2671862,0.9229756
7.059998,1.341149,0.9876344,1.457109,0.1163119,0.2518178,-0.2682216,0.9225598
7.079998,1.34115,0.9876214,1.457107,0.1164033,0.2518352,-0.2682993,0.9225209
7.099998,1.341116,0.9876463,1.457123,0.1164902,0.2516003,-0.2682884,0.9225773
7.119998,1.341155,0.9876923,1.457097,0.1163098,0.2517272,-0.268153,0.9226047
7.139997,1.341193,0.9878994,1.457047,0.1153469,0.2514897,-0.2673881,0.9230123
7.159997,1.341163,0.9879365,1.457072,0.1150855,0.2512147,-0.2671815,0.9231796
7.179997,1.341174,0.9879134,1.457076,0.1151757,0.2512983,-0.2670941,0.9231709
7.199997,1.341194,0.9878591,1.457103,0.1153112,0.2513756,-0.2669659,0.92317
7.219997,1.341264,0.9877364,1.457069,0.1157065,0.2517658,-0.2671355,0.9229652
7.239997,1.341356,0.9876158,1.457122,0.116041,0.2521125,-0.2670763,0.9228457
7.259997,1.341372,0.9876049,1.457132,0.1160578,0.2521406,-0.2670226,0.9228514
7.279997,1.341404,0.9875668,1.457183,0.1161221,0.2521213,-0.2667305,0.922933
7.299997,1.341477,0.9875259,1.457171,0.1162116,0.2524606,-0.2665596,0.9228784
7.319997,1.341546,0.9874147,1.457345,0.1162646,0.2526575,-0.2665362,0.9228246
7.339997,1.34156,0.9873493,1.457389,0.116446,0.2526999,-0.2667211,0.9227366
7.359997,1.341547,0.9872388,1.457583,0.1167745,0.2525922,-0.2670048,0.9226426
7.379997,1.341539,0.987174,1.457709,0.1169845,0.2525875,-0.2673288,0.9225234
7.399997,1.341568,0.9871778,1.457717,0.116947,0.2527355,-0.2673041,0.9224948
7.419997,1.341563,0.9872258,1.457778,0.1166197,0.2526495,-0.2669004,0.9226767
7.439997,1.341589,0.9872148,1.457822,0.116597,0.2527806,-0.2667998,0.9226728
7.459997,1.341658,0.9871299,1.457962,0.1168096,0.2530538,-0.2667298,0.9225912
7.479997,1.341632,0.9870905,1.458114,0.1167615,0.2527077,-0.2666408,0.9227179
7.499997,1.341636,0.98708,1.458144,0.1167486,0.2527223,-0.2665879,0.9227308
7.519997,1.341607,0.9870414,1.458271,0.1167959,0.2525698,-0.2663199,0.9228439
7.539997,1.341493,0.9870424,1.458349,0.1167776,0.25204,-0.2666259,0.9229028
7.559998,1.34151,0.9869446,1.458378,0.1173775,0.2522437,-0.2671312,0.9226248
7.579998,1.341545,0.9869391,1.458382,0.1174011,0.2523858,-0.2670982,0.9225925
7.599998,1.341729,0.9869782,1.458413,0.1171829,0.2529367,-0.2667021,0.922584
7.619998,1.341788,0.9869719,1.458415,0.1172086,0.2530955,-0.2666648,0.9225479
7.639997,1.341835,0.9869604,1.458423,0.1172096,0.253123,-0.2667259,0.9225227
7.659997,1.341967,0.986912,1.45845,0.1172354,0.2530219,-0.267282,0.9223861
7.679997,1.342002,0.9869016,1.458451,0.1172715,0.2530722,-0.2673053,0.922361
7.699997,1.342196,0.9869071,1.458403,0.1172265,0.2537122,-0.2672425,0.922209
7.719997,1.342211,0.9869403,1.458408,0.1169949,0.2536476,-0.2672119,0.9222651
7.739997,1.342183,0.986912,1.458454,0.1170173,0.2535225,-0.2672164,0.9222954
7.759997,1.342179,0.9868249,1.458477,0.1173682,0.2536928,-0.2673613,0.9221619
7.779997,1.342016,0.9868068,1.458535,0.1174186,0.2531962,-0.2672477,0.9223249
7.799997,1.34195,0.9868383,1.458524,0.1174165,0.2530864,-0.2671657,0.9223791
7.819997,1.341928,0.9868514,1.458515,0.1174424,0.2530785,-0.2671011,0.9223967
7.839997,1.341907,0.9869443,1.458497,0.1170967,0.2529639,-0.2669454,0.9225171
7.859997,1.341923,0.9869701,1.458495,0.1170428,0.2530047,-0.2668901,0.9225288
7.879997,1.341974,0.9869667,1.458498,0.1172831,0.2530245,-0.2671437,0.9224194
7.899997,1.341995,0.9869617,1.458499,0.1172826,0.2530277,-0.2672973,0.9223741
7.919997,1.342046,0.9869424,1.458499,0.117405,0.2531909,-0.2674822,0.9222601
7.939997,1.342053,0.9869439,1.458508,0.1174974,0.2531498,-0.2675438,0.9222417
7.959997,1.342063,0.9869702,1.458513,0.1174042,0.2531106,-0.2674828,0.9222821
7.979997,1.342052,0.9870353,1.458505,0.117144,0.2530347,-0.2671268,0.9224392
7.999997,1.342034,0.987042,1.458493,0.1171597,0.2530103,-0.2670304,0.9224718
8.019998,1.342003,0.9870144,1.458459,0.117447,0.2529801,-0.267145,0.9224104
8.039997,1.342004,0.9870047,1.458443,0.1175385,0.2529404,-0.2672017,0.9223932
8.059998,1.34214,0.9870098,1.458404,0.1174443,0.2533658,-0.2669607,0.9223582
8.079997,1.342204,0.9870061,1.458391,0.1174345,0.25359,-0.266932,0.9223061
8.099998,1.342275,0.9870225,1.458391,0.1173341,0.2535523,-0.2669193,0.9223329
8.119997,1.3423,0.9870238,1.458384,0.1173267,0.2535982,-0.2669494,0.9223126
8.139997,1.342356,0.9870214,1.458363,0.1173253,0.2537125,-0.2670059,0.922265
8.159997,1.34235,0.9870455,1.458323,0.1171122,0.2535068,-0.2669382,0.9223682
8.179997,1.342345,0.9870366,1.458275,0.1171318,0.253518,-0.2670519,0.9223297
8.199997,1.34229,0.9870363,1.458235,0.1171033,0.2533396,-0.2670478,0.9223835
8.219997,1.342251,0.9870461,1.45823,0.1170454,0.2532335,-0.2669429,0.9224504
8.239997,1.342193,0.9870096,1.458194,0.1173495,0.2533867,-0.2667298,0.9224313
8.259997,1.342154,0.986998,1.458196,0.1174201,0.2532774,-0.2667591,0.9224439
8.279997,1.342061,0.9869824,1.458218,0.1174975,0.2529774,-0.2668917,0.922478
8.299997,1.34202,0.9869542,1.458213,0.1176692,0.2529534,-0.266885,0.9224646
8.319997,1.342045,0.986966,1.458193,0.1175864,0.2530962,-0.2667863,0.9224645
8.339997,1.342108,0.987022,1.45817,0.117334,0.2532498,-0.2665927,0.9225105
8.359997,1.342148,0.9870311,1.458156,0.1173085,0.2533719,-0.2665885,0.9224814
8.379997,1.342247,0.9870039,1.458124,0.11746,0.2536491,-0.2668255,0.9223174
8.399997,1.342258,0.9869944,1.458127,0.1174725,0.2536469,-0.2668767,0.9223017
8.419997,1.342264,0.9869919,1.458127,0.1174635,0.2536286,-0.2668924,0.9223033
8.439997,1.342241,0.9869709,1.458137,0.1176169,0.2535631,-0.2669811,0.9222761
8.459997,1.342192,0.9869534,1.45814,0.1176979,0.2534113,-0.2671221,0.9222666
8.479997,1.34211,0.986941,1.45813,0.1176136,0.2532912,-0.2668941,0.9223763
8.499997,1.342071,0.9869349,1.458118,0.1176084,0.2532973,-0.2666751,0.9224387
8.519997,1.34196,0.9869462,1.458135,0.1176073,0.2530152,-0.266438,0.9225848
8.539997,1.341937,0.9869597,1.458142,0.1176409,0.2529492,-0.2664646,0.9225909
8.559997,1.341972,0.9870398,1.45812,0.11755,0.2530126,-0.2664457,0.9225906
8.579997,1.342023,0.9871104,1.458085,0.1173013,0.2530787,-0.2664227,0.9226107
8.599997,1.342067,0.9871366,1.458063,0.1172425,0.2531545,-0.2664705,0.9225836
8.619997,1.34219,0.9870815,1.458015,0.1173938,0.2533925,-0.26687,0.9223835
8.639997,1.342204,0.9870576,1.458023,0.1174157,0.2533864,-0.2669956,0.9223461
8.659997,1.342191,0.9870314,1.458037,0.1175115,0.2533253,-0.2668637,0.9223888
8.679996,1.342183,0.9870437,1.458036,0.1174814,0.2533439,-0.2667391,0.9224236
8.699997,1.342107,0.9870791,1.458036,0.1174805,0.253184,-0.2667121,0.9224754
8.719996,1.342072,0.987082,1.458042,0.1175303,0.2530918,-0.2668488,0.9224548
8.739997,1.342066,0.9870778,1.45804,0.1175946,0.2530859,-0.2669079,0.9224312
8.759997,1.342132,0.987072,1.458064,0.1176827,0.2531378,-0.2669693,0.922388
8.779997,1.34216,0.9870658,1.458067,0.1177339,0.2531086,-0.2670787,0.9223577
8.799997,1.342246,0.9870556,1.458087,0.1179577,0.2531665,-0.2673107,0.922246
8.819997,1.342268,0.987071,1.458079,0.1179617,0.2531532,-0.2673554,0.9222363
8.839997,1.342359,0.9871696,1.458009,0.1176043,0.2532534,-0.2672501,0.9222848
8.859997,1.342376,0.9872004,1.457997,0.1175,0.2532769,-0.2671701,0.9223149
8.879997,1.342359,0.9872239,1.458011,0.1176608,0.2531011,-0.2673902,0.9222788
8.899997,1.342336,0.9872253,1.458016,0.1177225,0.2529672,-0.2674911,0.9222784
8.919997,1.342346,0.9872373,1.458027,0.1177193,0.2529767,-0.2675429,0.9222612
8.939997,1.342403,0.9872594,1.458014,0.1176867,0.2531961,-0.2674276,0.9222386
8.959997,1.342419,0.9872806,1.458013,0.1175608,0.2531356,-0.2674152,0.9222749
8.979997,1.342446,0.9872764,1.458018,0.1176144,0.2531622,-0.2674066,0.9222632
8.999997,1.342456,0.9872761,1.458037,0.1176573,0.253109,-0.2674376,0.9222634
9.019997,1.342485,0.9872832,1.458036,0.1176631,0.253143,-0.2674719,0.9222434
9.039997,1.342485,0.9872988,1.458032,0.1176307,0.2530881,-0.2674562,0.9222671
9.059997,1.342474,0.9873198,1.458029,0.1175619,0.2529964,-0.2674071,0.9223153
9.079997,1.342495,0.9873402,1.458003,0.1175412,0.2531158,-0.2673619,0.9222983
9.099997,1.342496,0.9873455,1.457994,0.1175894,0.2531286,-0.2673993,0.9222778
9.119997,1.342429,0.9873348,1.457988,0.1177947,0.2528222,-0.2676759,0.9222554
9.139997,1.342383,0.9873463,1.457992,0.117784,0.252634,-0.2676202,0.9223245
9.159997,1.342376,0.9873518,1.457957,0.1177311,0.2528432,-0.26725,0.9223812
9.179996,1.342366,0.9873478,1.457951,0.1177103,0.2528318,-0.267188,0.922405
9.199997,1.342336,0.9873223,1.457947,0.1177914,0.2527806,-0.2672348,0.9223951
9.219996,1.342337,0.9873059,1.457928,0.1179345,0.2528098,-0.2674558,0.9223048
9.239997,1.342321,0.9873055,1.45792,0.1179701,0.2527107,-0.2676222,0.9222791
9.259996,1.342294,0.9873234,1.4579,0.1180047,0.2526035,-0.2676124,0.9223069
9.279997,1.342306,0.9873275,1.457874,0.1179919,0.2526855,-0.2674314,0.9223385
9.299996,1.342314,0.9873164,1.457872,0.1178739,0.2526887,-0.2672731,0.9223986
9.319997,1.342319,0.9872461,1.457888,0.1181003,0.2527349,-0.2672814,0.9223546
9.339996,1.342278,0.9871153,1.457935,0.1184103,0.2526814,-0.2674434,0.9222826
9.359997,1.342257,0.987092,1.457951,0.1184548,0.2526577,-0.2674213,0.9222897
9.379996,1.34222,0.9870586,1.457967,0.1185132,0.2526514,-0.2672962,0.9223203
9.399997,1.342117,0.9869936,1.458026,0.1186171,0.2525061,-0.2671189,0.9223981
9.419996,1.342093,0.9869599,1.45803,0.118771,0.2525444,-0.2671004,0.9223732
9.439997,1.3421,0.9869716,1.458055,0.118757,0.2526252,-0.2671453,0.9223398
9.459996,1.342098,0.9869891,1.458059,0.118718,0.2525719,-0.2672029,0.9223427
9.479997,1.342119,0.9870333,1.458076,0.1185734,0.2524532,-0.2673016,0.9223652
9.499996,1.342133,0.9870314,1.458077,0.1185473,0.2524763,-0.2672865,0.9223666
9.519997,1.342209,0.9868302,1.45809,0.1189209,0.2528022,-0.2672267,0.9222466
9.539996,1.342192,0.986684,1.458102,0.1193582,0.2529131,-0.2672682,0.9221476
9.559997,1.342147,0.9866579,1.458096,0.1194503,0.2528171,-0.2672672,0.9221624
9.579997,1.342051,0.9867225,1.458046,0.119265,0.2526161,-0.26713,0.9222811
9.599997,1.341989,0.9868095,1.458006,0.1190195,0.2524275,-0.2669682,0.9224114
9.619997,1.341921,0.9868612,1.457991,0.1189584,0.2522046,-0.2668282,0.9225208
9.639997,1.341896,0.986838,1.457983,0.1191161,0.2521435,-0.2668567,0.9225088
9.659997,1.341933,0.9866982,1.45794,0.1196463,0.2522823,-0.2674899,0.9222189
9.679996,1.341943,0.9866975,1.457944,0.1196337,0.2522773,-0.2674929,0.9222209
9.699997,1.34195,0.986694,1.457942,0.1196533,0.2522917,-0.2674964,0.9222134
9.719996,1.341963,0.9867306,1.457957,0.1196295,0.2523094,-0.26731,0.9222658
9.739997,1.34194,0.986756,1.457959,0.1195751,0.2522192,-0.2673919,0.9222737
9.759996,1.341908,0.9867631,1.457989,0.1195766,0.252126,-0.2674114,0.9222934
9.779997,1.341908,0.9867637,1.458007,0.1195984,0.2521842,-0.2673396,0.9222955
9.799996,1.341933,0.9867702,1.458078,0.1196336,0.2522731,-0.2673789,0.9222552
9.819997,1.341949,0.9867912,1.458082,0.1195457,0.2522919,-0.2673753,0.9222625
9.839996,1.341965,0.9868014,1.458089,0.1194662,0.2523508,-0.2672923,0.9222807
9.859997,1.341954,0.9867958,1.458126,0.1193656,0.2523212,-0.2670553,0.9223705
9.879996,1.341964,0.9867355,1.458137,0.1195766,0.2524485,-0.2671602,0.9222779
9.899997,1.341944,0.9866749,1.458154,0.1197207,0.2523852,-0.2672723,0.9222441
9.919996,1.341937,0.9866808,1.458135,0.1196789,0.2524227,-0.2671532,0.9222738
9.939997,1.341917,0.986662,1.458097,0.1198516,0.2524684,-0.2672128,0.9222216
9.959996,1.341882,0.9866627,1.458085,0.1198634,0.2523325,-0.2673269,0.9222242
9.979997,1.341822,0.9866797,1.458062,0.1198298,0.2521998,-0.2671519,0.9223155
9.99367,0,0,0,0,0,0,0,TrialEnd
9.99367,0,0,0,0,0,0,0,TrialStart_2
9.999996,1.341813,0.9866825,1.458047,0.1198469,0.2522321,-0.2670537,0.9223329
10.02,1.341808,0.9866868,1.458028,0.1198724,0.2522822,-0.2670097,0.9223287
10.04,1.341774,0.9867021,1.457988,0.1199532,0.2521907,-0.2672206,0.9222821
10.06,1.34176,0.9867166,1.45797,0.1199637,0.2521237,-0.2672478,0.9222912
10.08,1.341744,0.9867716,1.457913,0.1198547,0.2520366,-0.2671013,0.9223716
10.1,1.341733,0.9867883,1.457896,0.1198407,0.2520039,-0.2670785,0.922389
10.12,1.341703,0.9868156,1.457833,0.1199849,0.2518697,-0.2673042,0.9223415
10.14,1.341692,0.9868351,1.457803,0.1199533,0.2517964,-0.2674887,0.9223121
10.16,1.341691,0.9868483,1.457783,0.1199057,0.2517389,-0.2675489,0.9223165
10.18,1.341696,0.9868376,1.457733,0.119946,0.2516749,-0.267578,0.9223203
10.2,1.341704,0.9868181,1.457716,0.1199561,0.2516575,-0.2676352,0.9223071
10.22,1.341745,0.9867865,1.457673,0.1199565,0.2517408,-0.2676601,0.9222771
10.24,1.341765,0.9867806,1.457659,0.119971,0.2517821,-0.2676471,0.9222677
10.26,1.341795,0.9867563,1.457614,0.1200553,0.251846,-0.2678047,0.9221935
10.28,1.341797,0.9867347,1.45759,0.1201955,0.2518803,-0.2678612,0.9221495
10.3,1.341785,0.9867343,1.457553,0.1203227,0.25185,-0.2679741,0.9221084
10.32,1.341739,0.9868575,1.457509,0.1201765,0.2515228,-0.268156,0.9221639
10.34,1.341733,0.986921,1.457489,0.120027,0.2514317,-0.2681432,0.9222119
10.36,1.341813,0.9869536,1.457427,0.1199095,0.2516546,-0.2680161,0.9222034
10.38,1.341865,0.9869003,1.457396,0.1200262,0.2518135,-0.2680194,0.9221438
10.4,1.34191,0.9868088,1.457377,0.1203795,0.2518979,-0.2682447,0.9220093
10.42,1.341912,0.9868039,1.457378,0.1204063,0.2518838,-0.2682684,0.9220027
10.44,1.34202,0.986778,1.457395,0.1205029,0.2521861,-0.2685749,0.9218182
10.46,1.342131,0.9869235,1.457435,0.1200036,0.2523628,-0.2685001,0.9218568
10.48,1.342234,0.9870302,1.457407,0.1198379,0.2525225,-0.2686816,0.9217817
10.5,1.342498,0.9871064,1.45735,0.1198555,0.2529736,-0.2692785,0.9214815
10.52,1.342642,0.9871098,1.457323,0.1198734,0.2532773,-0.2695492,0.9213166
10.54,1.343584,0.9870952,1.457094,0.1198906,0.2558421,-0.2707333,0.9202579
10.56,1.343827,0.9871415,1.457047,0.1197682,0.256361,-0.2708306,0.9201008
10.58,1.344652,0.9872102,1.456863,0.119404,0.2588346,-0.2714069,0.9192854
10.6,1.344963,0.9871029,1.456797,0.1198641,0.2597671,-0.2717529,0.9188602
10.62,1.346035,0.9867705,1.456453,0.1208981,0.263842,-0.2723483,0.9173862
10.64,1.347833,0.9861881,1.455841,0.1223054,0.2717662,-0.2724829,0.914843
10.66,1.348739,0.9858825,1.455599,0.1229662,0.2753671,-0.2726161,0.9136371
10.68,1.350939,0.9849117,1.455076,0.1257004,0.2834325,-0.2735015,0.9105286
10.7,1.352215,0.9841456,1.454788,0.127837,0.2876818,-0.2755079,0.9082909
10.72,1.354975,0.9824715,1.454042,0.1333644,0.2974796,-0.2806315,0.9027545
10.74,1.356616,0.9818101,1.453529,0.1359693,0.3032575,-0.2827431,0.8997797
10.76,1.368744,0.981374,1.446976,0.1383714,0.3134425,-0.2845261,0.8953503
10.78,1.385042,0.9813291,1.439263,0.139622,0.3199445,-0.2840906,0.8929915
10.8,1.412366,0.9813012,1.430848,0.1424925,0.3285731,-0.2834437,0.889604
10.82,1.485263,0.980961,1.417147,0.1531611,0.3432908,-0.2855473,0.8815644
10.84,1.521455,0.9815525,1.410342,0.1593434,0.3497816,-0.2848405,0.8781392
10.86,1.596663,0.9828808,1.399619,0.1745564,0.3698521,-0.272863,0.8707957
10.88,1.634045,0.9839185,1.392497,0.1820306,0.3826745,-0.2673366,0.8654226
10.9,1.708116,0.9871743,1.380019,0.1918024,0.3988343,-0.2623041,0.8575194
10.92,1.744889,0.9911363,1.37262,0.1954608,0.400096,-0.2623498,0.8560905
10.94,1.814559,0.998192,1.355344,0.2049948,0.4037005,-0.2398182,0.8587725
10.96,1.847196,1.001544,1.346632,0.1907821,0.3866337,-0.2408742,0.8695379
10.98,1.879979,1.004212,1.336906,0.1752865,0.3743923,-0.2516291,0.875093
11,1.908097,1.004995,1.321436,0.1691336,0.371559,-0.2697221,0.8721168
11.02,1.906609,1.00456,1.315703,0.1724083,0.3653805,-0.2743928,0.8726288
11.04,1.902648,1.002764,1.306292,0.1832774,0.3496001,-0.2743415,0.8768842
11.06,1.901364,1.002193,1.301756,0.1877702,0.3444164,-0.2742833,0.8780025
11.08,1.899237,1.000655,1.294446,0.1961268,0.3340327,-0.2829048,0.8774516
11.1,1.898287,1.00019,1.29121,0.1980137,0.3292451,-0.2905428,0.8763407
11.12,1.897529,0.9999453,1.287404,0.1997438,0.3260716,-0.2947507,0.8757293
11.14,1.898663,1.000925,1.281126,0.1925182,0.3364672,-0.2939566,0.8736797
11.16,1.899104,1.001687,1.278388,0.1867611,0.3408579,-0.2931183,0.873509
11.18,1.899295,1.002114,1.273421,0.1839843,0.3443364,-0.2950128,0.872095
11.2,1.899498,1.001648,1.271736,0.1873626,0.3443258,-0.3007243,0.8694251
11.22,1.902189,1.000519,1.266359,0.1882468,0.3563607,-0.307591,0.8619501
11.24,1.904179,0.9997354,1.263514,0.185823,0.3648036,-0.3107119,0.8578148
11.24,0,0,0,0,0,0,0,RacketImpact
11.26,1.908096,0.9981796,1.258521,0.1779904,0.3780583,-0.3152914,0.8520462
11.28,1.910243,0.9974194,1.257258,0.1743144,0.3819212,-0.3170224,0.8504396
11.3,1.912278,0.9967424,1.255577,0.1725924,0.3874027,-0.3179677,0.8479549
11.32,1.917921,0.9955357,1.254398,0.1710067,0.3998295,-0.3174742,0.8426762
11.34,1.920767,0.9948929,1.254287,0.1710052,0.403686,-0.3191855,0.8401878
11.36,1.926559,0.9937204,1.25457,0.1693751,0.4101641,-0.3254752,0.8349512
11.38,1.929701,0.9930522,1.254796,0.1686194,0.4154556,-0.325918,0.832311
11.4,1.934394,0.9919422,1.254736,0.1689452,0.4247785,-0.3246388,0.828028
11.42,1.935298,0.991951,1.255338,0.1700738,0.4239819,-0.3245891,0.8282248
11.44,1.936693,0.9918674,1.255401,0.1705974,0.4254899,-0.3243428,0.8274398
11.46,1.937797,0.9936054,1.254449,0.1707731,0.4298591,-0.3174895,0.8278032
11.48,1.938459,0.9947171,1.253911,0.1687949,0.431346,-0.3151342,0.8283353
11.5,1.938343,0.9995561,1.252903,0.1577936,0.4301516,-0.3075048,0.8339733
11.52,1.938065,1.00203,1.252461,0.1531739,0.4295876,-0.3027259,0.8368688
11.54,1.937302,1.005793,1.251366,0.1488516,0.4276368,-0.2964973,0.8408682
11.56,1.936965,1.00663,1.250479,0.1473134,0.4275857,-0.2988316,0.8403386
11.58,1.936111,1.008303,1.249511,0.1428145,0.4250035,-0.3028311,0.8409931
11.6,1.93561,1.009109,1.249166,0.1416486,0.4235289,-0.302292,0.8421273
11.62,1.93515,1.009984,1.248724,0.1413213,0.4235621,-0.2999773,0.8429929
11.64,1.934391,1.012221,1.247903,0.1379195,0.4224608,-0.296937,0.8451825
11.66,1.934122,1.012938,1.247442,0.1368184,0.4228604,-0.2965067,0.8453127
11.68,1.933299,1.013541,1.247204,0.1358768,0.4205791,-0.2987049,0.8458287
11.7,1.932901,1.01341,1.247365,0.1363744,0.4192987,-0.3003788,0.8457915
11.72,1.932581,1.013224,1.247584,0.1379698,0.4195397,-0.2985216,0.8460707
11.74,1.93245,1.013466,1.247424,0.1378552,0.4198157,-0.2976641,0.8462546
11.76,1.930946,1.017249,1.246437,0.128879,0.41873,-0.2936622,0.8495987
11.78,1.930146,1.018905,1.246421,0.1244104,0.4166148,-0.2919789,0.8518817
11.8,1.929462,1.020052,1.246359,0.1221529,0.4153512,-0.2905073,0.8533274
11.82,1.927933,1.021396,1.246561,0.1207886,0.4112998,-0.2918174,0.8550352
11.84,1.927223,1.021673,1.246695,0.1215377,0.4098175,-0.2927584,0.8553191
11.86,1.926839,1.021407,1.246674,0.1241085,0.410716,-0.2917569,0.854861
11.88,1.926296,1.022211,1.246515,0.1230219,0.4106502,-0.2907788,0.8553828
11.9,1.924615,1.02588,1.246495,0.1145132,0.4079394,-0.2857908,0.8595324
11.92,1.923944,1.028256,1.246762,0.1080866,0.4070811,-0.2794839,0.862839
11.94,1.923172,1.030415,1.247059,0.1028586,0.4064107,-0.2729518,0.8658798
11.96,1.920648,1.035589,1.248822,0.09190613,0.4006337,-0.2552054,0.8751664
11.98,1.919031,1.03831,1.249831,0.08640818,0.3962689,-0.2456975,0.8804188
12,1.912924,1.048573,1.252917,0.0595817,0.3854866,-0.2037626,0.8979593
12.02,1.909916,1.053741,1.254105,0.04413024,0.3803612,-0.181099,0.9058593
12.04,1.900279,1.066737,1.258009,0.0005815153,0.3614691,-0.1126222,0.9255571
12.06,1.894122,1.073189,1.260109,-0.02755291,0.3514335,-0.07611863,0.9327064
12.08,1.879821,1.082385,1.266103,-0.06780375,0.3220213,-0.01226245,0.9442217
12.1,1.867905,1.084675,1.272358,-0.07740676,0.2800627,0.01478219,0.9567416
12.12,1.856114,1.086963,1.277629,-0.08853916,0.2347223,0.03666569,0.9673272
12.14,1.828783,1.085003,1.290294,-0.08452457,0.133283,0.05843124,0.9857368
12.16,1.81762,1.08312,1.295539,-0.0786427,0.1025581,0.07380167,0.9888632
12.18,1.796805,1.074204,1.308676,-0.05918456,0.06367335,0.1158419,0.9894562
12.2,1.791194,1.069018,1.316327,-0.05163125,0.0822378,0.1593262,0.982439
12.22,1.777648,1.057906,1.331334,-0.04042016,0.0886857,0.2583846,0.9611132
12.24,1.771317,1.053631,1.337988,-0.0424173,0.08598615,0.2933464,0.9511861
12.26,1.765879,1.050308,1.344568,-0.0500699,0.08606265,0.3195827,0.9423127
12.28,1.756326,1.042446,1.359622,-0.05494884,0.0880744,0.3638649,0.9256489
12.3,1.752415,1.037054,1.367136,-0.04817135,0.09090061,0.3821316,0.9183638
12.32,1.741498,1.024805,1.381011,-0.03466917,0.07593766,0.4071734,0.9095281
12.34,1.73533,1.018159,1.387435,-0.02866274,0.06597006,0.4223526,0.9035733
12.36,1.724412,1.002207,1.399279,-0.00865334,0.04912296,0.4675895,0.8825374
12.38,1.720221,0.9954185,1.405225,-0.002117173,0.04770637,0.4904959,0.8701342
12.4,1.712066,0.9809101,1.414735,0.01859585,0.03192629,0.5083908,0.8603335
12.42,1.706721,0.9732705,1.419849,0.03653154,0.01566771,0.5135949,0.8571116
12.44,1.702644,0.9690995,1.423445,0.04349589,0.01462674,0.516905,0.854812
12.46,1.694473,0.9621352,1.429269,0.03950414,0.01478427,0.5267025,0.8490026
12.48,1.690858,0.9571311,1.430431,0.04841427,0.009544935,0.528817,0.8473002
12.5,1.685004,0.9450034,1.434975,0.08633241,0.003774444,0.5187796,0.8505294
12.52,1.68055,0.9403305,1.437637,0.0983876,-0.008796785,0.5139531,0.8521119
12.54,1.669742,0.9369783,1.441644,0.09282709,-0.02696268,0.5079429,0.8559498
12.56,1.666932,0.945442,1.443889,0.06706339,-0.02118855,0.4871535,0.8704798
12.58,1.665267,0.9526432,1.447214,0.04851355,-0.002636208,0.4086505,0.9113969
12.6,1.66866,0.9426586,1.449274,0.1250767,0.005505541,0.423722,0.8970982
12.62,1.668998,0.9418938,1.451049,0.1352618,0.01244473,0.4092675,0.9022469
12.64,1.66191,0.9454813,1.45393,0.1087775,-0.009056534,0.4081397,0.9063705
12.66,1.657453,0.9477742,1.45509,0.0846668,-0.02116845,0.4150868,0.9055862
12.68,1.651247,0.9494289,1.458037,0.05695677,-0.04013768,0.4025982,0.912721
12.7,1.649344,0.9486535,1.459976,0.04725944,-0.05117247,0.3728434,0.9252761
12.72,1.647411,0.9364185,1.461758,0.1221013,-0.1191394,0.3157849,0.9333686
12.74,1.64535,0.9345649,1.462718,0.1313014,-0.1354353,0.2991168,0.9353857
12.76,1.64535,0.9345649,1.462718,0.1313014,-0.1354353,0.2991168,0.9353857
12.78,1.64535,0.9345649,1.462718,0.1313014,-0.1354353,0.2991168,0.9353857
12.8,1.64535,0.9345649,1.462718,0.1313014,-0.1354353,0.2991168,0.9353857
12.82,1.64535,0.9345649,1.462718,0.1313014,-0.1354353,0.2991168,0.9353857
12.84,1.64535,0.9345649,1.462718,0.1313014,-0.1354353,0.2991168,0.9353857
12.86,1.64535,0.9345649,1.462718,0.1313014,-0.1354353,0.2991168,0.9353857
12.88,1.64535,0.9345649,1.462718,0.1313014,-0.1354353,0.2991168,0.9353857
12.9,1.64535,0.9345649,1.462718,0.1313014,-0.1354353,0.2991168,0.9353857
12.92,1.64535,0.9345649,1.462718,0.1313014,-0.1354353,0.2991168,0.9353857
12.94,1.64535,0.9345649,1.462718,0.1313014,-0.1354353,0.2991168,0.9353857
12.96,1.64535,0.9345649,1.462718,0.1313014,-0.1354353,0.2991168,0.9353857
12.98,1.64535,0.9345649,1.462718,0.1313014,-0.1354353,0.2991168,0.9353857
13,1.64535,0.9345649,1.462718,0.1313014,-0.1354353,0.2991168,0.9353857
13.02,1.64535,0.9345649,1.462718,0.1313014,-0.1354353,0.2991168,0.9353857
13.04,1.64535,0.9345649,1.462718,0.1313014,-0.1354353,0.2991168,0.9353857
13.06,1.64535,0.9345649,1.462718,0.1313014,-0.1354353,0.2991168,0.9353857
13.08,1.64535,0.9345649,1.462718,0.1313014,-0.1354353,0.2991168,0.9353857
13.1,1.64535,0.9345649,1.462718,0.1313014,-0.1354353,0.2991168,0.9353857
13.12,1.64535,0.9345649,1.462718,0.1313014,-0.1354353,0.2991168,0.9353857
13.14,1.64535,0.9345649,1.462718,0.1313014,-0.1354353,0.2991168,0.9353857
13.16,1.64535,0.9345649,1.462718,0.1313014,-0.1354353,0.2991168,0.9353857
13.18,1.64535,0.9345649,1.462718,0.1313014,-0.1354353,0.2991168,0.9353857
13.2,1.64535,0.9345649,1.462718,0.1313014,-0.1354353,0.2991168,0.9353857
13.22,1.64535,0.9345649,1.462718,0.1313014,-0.1354353,0.2991168,0.9353857
13.24,1.64535,0.9345649,1.462718,0.1313014,-0.1354353,0.2991168,0.9353857
13.26,1.64535,0.9345649,1.462718,0.1313014,-0.1354353,0.2991168,0.9353857
13.27999,1.64535,0.9345649,1.462718,0.1313014,-0.1354353,0.2991168,0.9353857
13.3,1.64535,0.9345649,1.462718,0.1313014,-0.1354353,0.2991168,0.9353857
13.31999,1.64535,0.9345649,1.462718,0.1313014,-0.1354353,0.2991168,0.9353857
13.34,1.64535,0.9345649,1.462718,0.1313014,-0.1354353,0.2991168,0.9353857
13.35999,1.64535,0.9345649,1.462718,0.1313014,-0.1354353,0.2991168,0.9353857
13.38,1.64535,0.9345649,1.462718,0.1313014,-0.1354353,0.2991168,0.9353857
13.39999,1.64535,0.9345649,1.462718,0.1313014,-0.1354353,0.2991168,0.9353857
13.42,1.64535,0.9345649,1.462718,0.1313014,-0.1354353,0.2991168,0.9353857
13.43999,1.64535,0.9345649,1.462718,0.1313014,-0.1354353,0.2991168,0.9353857
13.46,1.64535,0.9345649,1.462718,0.1313014,-0.1354353,0.2991168,0.9353857
13.47999,1.64535,0.9345649,1.462718,0.1313014,-0.1354353,0.2991168,0.9353857
13.5,1.64535,0.9345649,1.462718,0.1313014,-0.1354353,0.2991168,0.9353857
13.51999,1.64535,0.9345649,1.462718,0.1313014,-0.1354353,0.2991168,0.9353857
13.54,1.64535,0.9345649,1.462718,0.1313014,-0.1354353,0.2991168,0.9353857
13.56,1.64535,0.9345649,1.462718,0.1313014,-0.1354353,0.2991168,0.9353857
13.58,1.64535,0.9345649,1.462718,0.1313014,-0.1354353,0.2991168,0.9353857
13.6,1.64535,0.9345649,1.462718,0.1313014,-0.1354353,0.2991168,0.9353857
13.62,1.64535,0.9345649,1.462718,0.1313014,-0.1354353,0.2991168,0.9353857
13.64,1.64535,0.9345649,1.462718,0.1313014,-0.1354353,0.2991168,0.9353857
13.66,1.64535,0.9345649,1.462718,0.1313014,-0.1354353,0.2991168,0.9353857
13.68,1.64535,0.9345649,1.462718,0.1313014,-0.1354353,0.2991168,0.9353857
13.7,1.64535,0.9345649,1.462718,0.1313014,-0.1354353,0.2991168,0.9353857
13.72,1.64535,0.9345649,1.462718,0.1313014,-0.1354353,0.2991168,0.9353857
13.74,1.64535,0.9345649,1.462718,0.1313014,-0.1354353,0.2991168,0.9353857
13.76,1.64535,0.9345649,1.462718,0.1313014,-0.1354353,0.2991168,0.9353857
13.77999,1.64535,0.9345649,1.462718,0.1313014,-0.1354353,0.2991168,0.9353857
13.8,1.64535,0.9345649,1.462718,0.1313014,-0.1354353,0.2991168,0.9353857
13.81999,1.64535,0.9345649,1.462718,0.1313014,-0.1354353,0.2991168,0.9353857
13.84,1.64535,0.9345649,1.462718,0.1313014,-0.1354353,0.2991168,0.9353857
13.85999,1.64535,0.9345649,1.462718,0.1313014,-0.1354353,0.2991168,0.9353857
13.88,1.64535,0.9345649,1.462718,0.1313014,-0.1354353,0.2991168,0.9353857
13.89999,1.64535,0.9345649,1.462718,0.1313014,-0.1354353,0.2991168,0.9353857
13.92,1.64535,0.9345649,1.462718,0.1313014,-0.1354353,0.2991168,0.9353857
13.93999,1.64535,0.9345649,1.462718,0.1313014,-0.1354353,0.2991168,0.9353857
13.96,1.64535,0.9345649,1.462718,0.1313014,-0.1354353,0.2991168,0.9353857
13.97999,1.64535,0.9345649,1.462718,0.1313014,-0.1354353,0.2991168,0.9353857
14,1.64535,0.9345649,1.462718,0.1313014,-0.1354353,0.2991168,0.9353857
14.01999,1.64535,0.9345649,1.462718,0.1313014,-0.1354353,0.2991168,0.9353857
14.04,1.64535,0.9345649,1.462718,0.1313014,-0.1354353,0.2991168,0.9353857
14.05999,1.64535,0.9345649,1.462718,0.1313014,-0.1354353,0.2991168,0.9353857
14.08,1.64535,0.9345649,1.462718,0.1313014,-0.1354353,0.2991168,0.9353857
14.09999,1.64535,0.9345649,1.462718,0.1313014,-0.1354353,0.2991168,0.9353857
14.12,1.64535,0.9345649,1.462718,0.1313014,-0.1354353,0.2991168,0.9353857
14.13999,1.64535,0.9345649,1.462718,0.1313014,-0.1354353,0.2991168,0.9353857
14.16,1.64535,0.9345649,1.462718,0.1313014,-0.1354353,0.2991168,0.9353857
14.17999,1.64535,0.9345649,1.462718,0.1313014,-0.1354353,0.2991168,0.9353857
14.2,1.64535,0.9345649,1.462718,0.1313014,-0.1354353,0.2991168,0.9353857
14.21999,1.64535,0.9345649,1.462718,0.1313014,-0.1354353,0.2991168,0.9353857
14.24,1.64535,0.9345649,1.462718,0.1313014,-0.1354353,0.2991168,0.9353857
14.25999,1.64535,0.9345649,1.462718,0.1313014,-0.1354353,0.2991168,0.9353857
14.27999,1.64535,0.9345649,1.462718,0.1313014,-0.1354353,0.2991168,0.9353857
14.29999,1.64535,0.9345649,1.462718,0.1313014,-0.1354353,0.2991168,0.9353857
14.31999,1.64535,0.9345649,1.462718,0.1313014,-0.1354353,0.2991168,0.9353857
14.34,1.64535,0.9345649,1.462718,0.1313014,-0.1354353,0.2991168,0.9353857
14.35999,1.64535,0.9345649,1.462718,0.1313014,-0.1354353,0.2991168,0.9353857
14.38,1.64535,0.9345649,1.462718,0.1313014,-0.1354353,0.2991168,0.9353857
14.39999,1.64535,0.9345649,1.462718,0.1313014,-0.1354353,0.2991168,0.9353857
14.42,1.64535,0.9345649,1.462718,0.1313014,-0.1354353,0.2991168,0.9353857
14.43999,1.64535,0.9345649,1.462718,0.1313014,-0.1354353,0.2991168,0.9353857
14.46,1.64535,0.9345649,1.462718,0.1313014,-0.1354353,0.2991168,0.9353857
14.47999,1.64535,0.9345649,1.462718,0.1313014,-0.1354353,0.2991168,0.9353857
14.5,1.64535,0.9345649,1.462718,0.1313014,-0.1354353,0.2991168,0.9353857
14.51999,1.64535,0.9345649,1.462718,0.1313014,-0.1354353,0.2991168,0.9353857
14.54,1.64535,0.9345649,1.462718,0.1313014,-0.1354353,0.2991168,0.9353857
14.55999,1.64535,0.9345649,1.462718,0.1313014,-0.1354353,0.2991168,0.9353857
14.58,1.64535,0.9345649,1.462718,0.1313014,-0.1354353,0.2991168,0.9353857
14.59999,1.64535,0.9345649,1.462718,0.1313014,-0.1354353,0.2991168,0.9353857
14.62,1.64535,0.9345649,1.462718,0.1313014,-0.1354353,0.2991168,0.9353857
14.63999,1.64535,0.9345649,1.462718,0.1313014,-0.1354353,0.2991168,0.9353857
14.66,1.64535,0.9345649,1.462718,0.1313014,-0.1354353,0.2991168,0.9353857
14.67999,1.64535,0.9345649,1.462718,0.1313014,-0.1354353,0.2991168,0.9353857
14.7,1.64535,0.9345649,1.462718,0.1313014,-0.1354353,0.2991168,0.9353857
14.71999,1.64535,0.9345649,1.462718,0.1313014,-0.1354353,0.2991168,0.9353857
14.74,1.64535,0.9345649,1.462718,0.1313014,-0.1354353,0.2991168,0.9353857
14.75999,1.64535,0.9345649,1.462718,0.1313014,-0.1354353,0.2991168,0.9353857
14.77999,1.64535,0.9345649,1.462718,0.1313014,-0.1354353,0.2991168,0.9353857
14.79999,1.64535,0.9345649,1.462718,0.1313014,-0.1354353,0.2991168,0.9353857
14.81999,1.64535,0.9345649,1.462718,0.1313014,-0.1354353,0.2991168,0.9353857
14.83999,1.64535,0.9345649,1.462718,0.1313014,-0.1354353,0.2991168,0.9353857
14.85999,1.64535,0.9345649,1.462718,0.1313014,-0.1354353,0.2991168,0.9353857
14.87999,1.64535,0.9345649,1.462718,0.1313014,-0.1354353,0.2991168,0.9353857
14.89999,1.64535,0.9345649,1.462718,0.1313014,-0.1354353,0.2991168,0.9353857
14.91999,1.64535,0.9345649,1.462718,0.1313014,-0.1354353,0.2991168,0.9353857
14.93999,1.64535,0.9345649,1.462718,0.1313014,-0.1354353,0.2991168,0.9353857
14.95999,1.64535,0.9345649,1.462718,0.1313014,-0.1354353,0.2991168,0.9353857
14.97999,1.64535,0.9345649,1.462718,0.1313014,-0.1354353,0.2991168,0.9353857
14.99449,0,0,0,0,0,0,0,TrialEnd
14.99449,0,0,0,0,0,0,0,TrialStart_3
14.99999,1.64535,0.9345649,1.462718,0.1313014,-0.1354353,0.2991168,0.9353857
15.01999,1.64535,0.9345649,1.462718,0.1313014,-0.1354353,0.2991168,0.9353857
15.03999,1.64535,0.9345649,1.462718,0.1313014,-0.1354353,0.2991168,0.9353857
15.05999,1.64535,0.9345649,1.462718,0.1313014,-0.1354353,0.2991168,0.9353857
15.07999,1.64535,0.9345649,1.462718,0.1313014,-0.1354353,0.2991168,0.9353857
15.09999,1.64535,0.9345649,1.462718,0.1313014,-0.1354353,0.2991168,0.9353857
15.12,1.64535,0.9345649,1.462718,0.1313014,-0.1354353,0.2991168,0.9353857
15.13999,1.64535,0.9345649,1.462718,0.1313014,-0.1354353,0.2991168,0.9353857
15.16,1.64535,0.9345649,1.462718,0.1313014,-0.1354353,0.2991168,0.9353857
15.17999,1.64535,0.9345649,1.462718,0.1313014,-0.1354353,0.2991168,0.9353857
15.2,1.64535,0.9345649,1.462718,0.1313014,-0.1354353,0.2991168,0.9353857
15.21999,1.64535,0.9345649,1.462718,0.1313014,-0.1354353,0.2991168,0.9353857
15.24,1.64535,0.9345649,1.462718,0.1313014,-0.1354353,0.2991168,0.9353857
15.25999,1.64535,0.9345649,1.462718,0.1313014,-0.1354353,0.2991168,0.9353857
15.27999,1.64535,0.9345649,1.462718,0.1313014,-0.1354353,0.2991168,0.9353857
15.29999,1.64535,0.9345649,1.462718,0.1313014,-0.1354353,0.2991168,0.9353857
15.31999,1.64535,0.9345649,1.462718,0.1313014,-0.1354353,0.2991168,0.9353857
15.33999,1.64535,0.9345649,1.462718,0.1313014,-0.1354353,0.2991168,0.9353857
15.35999,1.64535,0.9345649,1.462718,0.1313014,-0.1354353,0.2991168,0.9353857
15.37999,1.64535,0.9345649,1.462718,0.1313014,-0.1354353,0.2991168,0.9353857
15.39999,1.64535,0.9345649,1.462718,0.1313014,-0.1354353,0.2991168,0.9353857
15.41999,1.64535,0.9345649,1.462718,0.1313014,-0.1354353,0.2991168,0.9353857
15.43999,1.64535,0.9345649,1.462718,0.1313014,-0.1354353,0.2991168,0.9353857
15.45999,1.64535,0.9345649,1.462718,0.1313014,-0.1354353,0.2991168,0.9353857
15.47999,1.64535,0.9345649,1.462718,0.1313014,-0.1354353,0.2991168,0.9353857
15.49999,1.64535,0.9345649,1.462718,0.1313014,-0.1354353,0.2991168,0.9353857
15.51999,1.64535,0.9345649,1.462718,0.1313014,-0.1354353,0.2991168,0.9353857
15.53999,1.64535,0.9345649,1.462718,0.1313014,-0.1354353,0.2991168,0.9353857
15.55999,1.64535,0.9345649,1.462718,0.1313014,-0.1354353,0.2991168,0.9353857
15.57999,1.64535,0.9345649,1.462718,0.1313014,-0.1354353,0.2991168,0.9353857
15.59999,1.64535,0.9345649,1.462718,0.1313014,-0.1354353,0.2991168,0.9353857
15.61999,1.64535,0.9345649,1.462718,0.1313014,-0.1354353,0.2991168,0.9353857
15.63999,1.64535,0.9345649,1.462718,0.1313014,-0.1354353,0.2991168,0.9353857
15.65999,1.64535,0.9345649,1.462718,0.1313014,-0.1354353,0.2991168,0.9353857
15.67999,1.64535,0.9345649,1.462718,0.1313014,-0.1354353,0.2991168,0.9353857
15.69999,1.64535,0.9345649,1.462718,0.1313014,-0.1354353,0.2991168,0.9353857
15.71999,1.64535,0.9345649,1.462718,0.1313014,-0.1354353,0.2991168,0.9353857
15.73999,1.64535,0.9345649,1.462718,0.1313014,-0.1354353,0.2991168,0.9353857
15.75999,1.64535,0.9345649,1.462718,0.1313014,-0.1354353,0.2991168,0.9353857
15.77999,1.64535,0.9345649,1.462718,0.1313014,-0.1354353,0.2991168,0.9353857
15.79999,1.64535,0.9345649,1.462718,0.1313014,-0.1354353,0.2991168,0.9353857
15.81999,1.64535,0.9345649,1.462718,0.1313014,-0.1354353,0.2991168,0.9353857
15.83999,1.64535,0.9345649,1.462718,0.1313014,-0.1354353,0.2991168,0.9353857
15.85999,1.64535,0.9345649,1.462718,0.1313014,-0.1354353,0.2991168,0.9353857
15.87999,1.64535,0.9345649,1.462718,0.1313014,-0.1354353,0.2991168,0.9353857
15.89999,1.64535,0.9345649,1.462718,0.1313014,-0.1354353,0.2991168,0.9353857
15.91999,1.64535,0.9345649,1.462718,0.1313014,-0.1354353,0.2991168,0.9353857
15.93999,1.64535,0.9345649,1.462718,0.1313014,-0.1354353,0.2991168,0.9353857
15.95999,1.64535,0.9345649,1.462718,0.1313014,-0.1354353,0.2991168,0.9353857
15.97999,1.64535,0.9345649,1.462718,0.1313014,-0.1354353,0.2991168,0.9353857
15.99999,1.64535,0.9345649,1.462718,0.1313014,-0.1354353,0.2991168,0.9353857
16.01999,1.64535,0.9345649,1.462718,0.1313014,-0.1354353,0.2991168,0.9353857
16.04,1.64535,0.9345649,1.462718,0.1313014,-0.1354353,0.2991168,0.9353857
16.05999,1.64535,0.9345649,1.462718,0.1313014,-0.1354353,0.2991168,0.9353857
16.07999,1.64535,0.9345649,1.462718,0.1313014,-0.1354353,0.2991168,0.9353857
16.09999,1.64535,0.9345649,1.462718,0.1313014,-0.1354353,0.2991168,0.9353857
16.12,1.64535,0.9345649,1.462718,0.1313014,-0.1354353,0.2991168,0.9353857
16.13999,1.64535,0.9345649,1.462718,0.1313014,-0.1354353,0.2991168,0.9353857
16.15999,1.64535,0.9345649,1.462718,0.1313014,-0.1354353,0.2991168,0.9353857
16.17999,1.64535,0.9345649,1.462718,0.1313014,-0.1354353,0.2991168,0.9353857
16.2,1.64535,0.9345649,1.462718,0.1313014,-0.1354353,0.2991168,0.9353857
16.21999,1.64535,0.9345649,1.462718,0.1313014,-0.1354353,0.2991168,0.9353857
16.23999,1.64535,0.9345649,1.462718,0.1313014,-0.1354353,0.2991168,0.9353857
16.25999,1.64535,0.9345649,1.462718,0.1313014,-0.1354353,0.2991168,0.9353857
16.27999,1.64535,0.9345649,1.462718,0.1313014,-0.1354353,0.2991168,0.9353857
16.29999,1.64535,0.9345649,1.462718,0.1313014,-0.1354353,0.2991168,0.9353857
16.31999,1.64535,0.9345649,1.462718,0.1313014,-0.1354353,0.2991168,0.9353857
16.33999,1.64535,0.9345649,1.462718,0.1313014,-0.1354353,0.2991168,0.9353857
16.35999,1.64535,0.9345649,1.462718,0.1313014,-0.1354353,0.2991168,0.9353857
16.37999,1.64535,0.9345649,1.462718,0.1313014,-0.1354353,0.2991168,0.9353857
